Index,User Id,First Name,Last Name,Sex,Email,Phone,Date of birth,Job Title,Age,Salary
1,1001,Shelby,Terrell,Male,elijah57@example.net,001-084-906-7849x73518,10/26/1945,Games developer,20,20000
2,1002,Phillip,Summers,Female,bethany14@example.com,214.112.6044x4913,,Phytotherapist,22,23000
3,1003,Kristine,Travis,Male,bthompson@example.com,277.609.7938,7/2/1992,Homeopath,24,26000
4,1004,Yesenia,Martinez,Male,kaitlinkaiser@example.com,584.094.6111,8/3/2017,Market researcher,26,29000
5,1005,Lori,Todd,Male,buchananmanuel@example.net,689-207-3558x7233,,Veterinary surgeon,28,32000
6,1006,Erin,Day,Male,,001-171-649-9856x5553,10/28/2015,Waste management officer,30,35000
7,1007,Katherine,Buck,Female,conniecowan@example.com,+1-773-151-6685x49162,1/22/1989,Intelligence analyst,32,38000
8,1008,Ricardo,Hinton,Male,wyattbishop@example.com,001-447-699-7998x88612,3/26/1924,Hydrogeologist,34,41000
9,1009,Dave,Farrell,Male,nmccann@example.net,603-428-2429x27392,10/6/2018,Lawyer,36,44000
10,1010,Isaiah,Downs,Male,virginiaterrell@example.org,+1-511-372-1544x8206,9/20/1964,"Engineer, site",38,47000
11,1011,Sheila,Ross,Female,huangcathy@example.com,895.881.4746,3/20/2008,Advertising account executive,40,50000
12,1012,Stacy,Newton,Male,rayleroy@example.org,710.673.3213x80335,10/20/1980,Warden/ranger,42,53000
13,1013,Mandy,Blake,Male,jefferynoble@example.org,(992)466-1305x4947,12/8/2007,"Scientist, clinical (histocompatibility and immunogenetics)",44,56000
14,1014,Bridget,Nash,Female,mercedes44@example.com,(216)627-8359,6/28/2004,Social worker,46,59000
15,1015,Crystal,Farmer,Male,pmiranda@example.org,-5791,3/9/1992,Agricultural consultant,48,62000
16,1016,Thomas,Knight,Female,braunpriscilla@example.net,-2005,2/18/2006,Sport and exercise psychologist,50,65000
17,1017,Maurice,Rangel,Male,sheenabanks@example.com,(246)187-4969,8/20/2004,Secretary/administrator,52,68000
18,1018,Frank,Meadows,Male,gbrewer@example.org,429.965.3902x4447,9/16/2008,Audiological scientist,54,71000
19,1019,Alvin,Paul,Male,gilbertdonaldson@example.com,219.436.0887x07551,5/12/1949,"Teacher, adult education",56,74000
20,1020,Jared,Mitchell,Female,jcortez@example.com,-8587,1/18/1921,Paediatric nurse,58,77000
21,1021,Jacqueline,Norton,Female,carias@example.net,819.309.7679x59173,10/9/1952,"Scientist, marine",60,80000
22,1022,Colleen,Hatfield,Female,fknox@example.org,638.584.1090,10/14/1949,Commercial horticulturist,,83000
23,1023,Randy,Barnes,Male,,001-960-629-7164x67214,12/30/1947,Outdoor activities/education manager,64,86000
24,1024,Janice,Rhodes,Female,juarezdominique@example.net,001-249-314-9742x6996,11/1/1999,Drilling engineer,66,89000
25,1025,Alfred,Mcneil,Female,cassandramorris@example.com,(468)276-9509x53058,5/28/1993,Systems analyst,68,92000
26,1026,Sean,Levine,Male,sallymiller@example.net,4915828504,10/9/2010,"Conservation officer, nature",70,95000
27,1027,Louis,Payne,Male,bsullivan@example.net,6232695307,1/29/1916,Counsellor,72,98000
28,1028,Brittney,Vega,Female,ayalajose@example.net,945-739-8686,10/31/1932,Recycling officer,74,101000
29,1029,Judy,Buckley,Male,irosales@example.net,001-654-208-1241x52830,7/28/1963,Art gallery manager,76,104000
30,1030,Norman,Weber,Male,mconrad@example.com,223.002.0429,5/21/1957,Gaffer,78,107000
31,1031,Isaiah,Camacho,Female,jimblake@example.org,001-536-544-3367,4/7/1966,Food technologist,80,110000
32,1032,Jacqueline,Gallagher,Male,,(247)762-8934,2/25/1999,Building services engineer,82,113000
33,1033,Bonnie,Andrews,Female,caitlin24@example.net,+1-253-987-2776x9161,12/21/1953,Seismic interpreter,84,116000
34,1034,Brandon,Schmidt,Female,mconley@example.net,+1-386-673-1465x006,5/12/1931,"Engineer, biomedical",86,119000
35,1035,Jackson,Sparks,Female,reynoldsdarryl@example.net,(137)908-3129x65035,11/18/1980,Set designer,,122000
36,1036,Melody,Cook,Male,jeannovak@example.org,(826)792-7381,6/25/1963,Research scientist (life sciences),22,125000
37,1037,Leonard,Hurst,Male,clinton78@example.org,941-038-0427x38800,3/13/1938,"Accountant, chartered management",24,128000
38,1038,Gene,Rich,Female,luisdeleon@example.org,+1-356-818-6604x89537,8/22/1946,"Surveyor, quantity",26,131000
39,1039,Cynthia,Wiggins,Female,rosariodave@example.org,(110)858-2437x70190,1/27/1984,Outdoor activities/education manager,28,134000
40,1040,Tanya,Mckinney,Female,vickihouston@example.com,(830)774-9002x086,3/12/2003,Information systems manager,30,137000
41,1041,Matthew,Stone,Female,evelyn31@example.org,952-381-6360,8/23/2017,"Scientist, clinical (histocompatibility and immunogenetics)",32,140000
42,1042,Kirk,Walsh,Female,stephenfuller@example.org,001-826-496-5529x8661,4/8/2009,Accounting technician,34,143000
43,1043,Willie,Vang,Female,haleymathews@example.net,741.168.6854x067,2/2/1978,Management consultant,36,146000
44,1044,Miguel,Hill,Female,tyrone56@example.org,5247842945,8/26/1930,Make,38,149000
45,1045,Darren,Andrews,Male,lhernandez@example.com,(975)799-4261,10/4/1997,Retail banker,40,152000
46,1046,Haley,Pugh,Female,molly03@example.org,(746)182-6137x2453,9/16/1980,Commissioning editor,42,155000
47,1047,Danielle,Estrada,Female,jvang@example.org,(890)374-9518x772,7/9/1930,"Accountant, chartered management",44,158000
48,1048,Becky,Brady,Male,erikmueller@example.org,(390)002-0863,6/27/1957,Seismic interpreter,46,161000
49,1049,Caitlyn,Frey,Male,rivasdominique@example.org,805-021-3965x46344,1/26/1968,Jewellery designer,48,164000
50,1050,Joshua,Sweeney,Male,daisymcgee@example.net,875.994.2100x535,7/28/1954,"Education officer, museum",50,167000
51,1051,Heidi,Escobar,Female,staffordtravis@example.net,601-155-3065x1131,9/25/1931,Estate manager/land agent,52,170000
52,1052,Brian,Oconnell,Female,saralong@example.net,952-283-1423x733,10/23/1911,Physiotherapist,54,173000
53,1053,Beverly,Esparza,Female,iphelps@example.net,+1-327-578-8754x6771,12/9/1930,Passenger transport manager,56,176000
54,1054,Nathaniel,Rivas,Female,roberto29@example.com,(655)887-2040x37888,11/17/1908,Call centre manager,58,179000
55,1055,Debra,Payne,Female,yolanda07@example.org,001-731-525-8400x52593,8/20/1927,Special educational needs teacher,60,182000
56,1056,Mackenzie,Rocha,Female,abbottyvette@example.net,4225525458,10/21/1980,Museum/gallery exhibitions officer,62,185000
57,1057,Courtney,Watkins,Female,ochang@example.org,210.683.2761x5883,12/7/2003,Pension scheme manager,64,188000
58,1058,Fred,Olsen,Female,amyanderson@example.com,497-774-3053,4/10/1910,Archaeologist,66,191000
59,1059,Ryan,Nelson,Female,qnorman@example.org,956.330.2951,5/2/1924,Historic buildings inspector/conservation officer,68,194000
60,1060,Grace,Phelps,Male,clarkeangela@example.net,(034)867-8827x6777,10/15/1909,Petroleum engineer,70,197000
61,1061,Shari,Daugherty,Male,kalvarado@example.org,001-951-655-4798x6124,11/24/1944,Curator,72,200000
62,1062,Kelli,Garner,Male,jodyvincent@example.org,995.000.4213x0982,1/17/2010,Retail banker,74,203000
63,1063,Jackie,Bennett,Male,hutchinsonkirk@example.com,001-740-937-0846x0087,11/11/1915,Neurosurgeon,76,206000
64,1064,Leslie,Conway,Female,floreschristina@example.org,795.782.4384x555,11/6/1983,Chiropractor,78,209000
65,1065,Harold,Barnett,Female,nathan65@example.org,-6682,3/15/1943,"Biochemist, clinical",80,212000
66,1066,Larry,Harper,Male,maria32@example.org,+1-244-630-3792x4121,5/5/2021,"Scientist, water quality",82,215000
67,1067,Mike,Ward,Female,imccullough@example.com,116-729-5046,11/9/1967,Hydrologist,84,218000
68,1068,Brittney,Rubio,Female,corey92@example.com,593.976.2528,12/24/1959,"Biochemist, clinical",86,221000
69,1069,Frank,Pineda,Male,daltoncalvin@example.net,(035)961-5060x9182,3/10/1926,Hospital pharmacist,88,224000
70,1070,Sandra,Wu,Male,ubanks@example.com,+1-096-606-6454x067,4/28/1925,Warehouse manager,90,227000
71,1071,Ryan,Benton,Male,lopezdebbie@example.org,+1-695-557-9948x485,10/6/2020,Physiological scientist,92,230000
72,1072,Tamara,Hull,Male,meagan39@example.net,017.665.3744x7944,1/31/1933,English as a second language teacher,94,233000
73,1073,Jean,Ritter,Female,kristina76@example.com,(954)060-1066,8/6/1985,Financial trader,96,236000
74,1074,Veronica,Briggs,Female,weissbridget@example.com,+1-521-589-2387x48490,6/8/1974,Structural engineer,30,239000
75,1075,Kim,Andrews,Female,wpetersen@example.org,7677125383,11/15/1990,"Biochemist, clinical",32,242000
76,1076,Tina,Cunningham,Male,wongmary@example.org,079-907-5051,11/29/1956,Race relations officer,34,245000
77,1077,Jonathon,Atkinson,Male,gailfrench@example.net,874-037-2032x932,7/19/2011,"Psychologist, forensic",36,248000
78,1078,Jermaine,Reid,Female,vpaul@example.com,(742)214-8691,8/18/1974,Newspaper journalist,38,251000
79,1079,Regina,Stevens,Male,xpoole@example.net,891-359-2684,11/28/2011,Public house manager,40,254000
80,1080,Terrence,Huff,Male,cassandra80@example.org,221.800.6408x5416,2/27/1944,Careers information officer,42,257000
81,1081,Tyler,Foley,Female,johnathan72@example.org,001-386-469-3075x8030,9/19/1908,Economist,44,260000
82,1082,Andrew,Waters,Male,nhall@example.net,+1-376-865-2765x3351,5/14/1948,Jewellery designer,46,263000
83,1083,Reginald,Stephenson,Male,erikaball@example.net,+1-832-500-6044x475,2/8/2010,Contracting civil engineer,48,266000
84,1084,Douglas,Reese,Female,nixonvanessa@example.net,001-834-660-8312x9864,11/11/1961,Higher education lecturer,50,269000
85,1085,Helen,Williamson,Female,melvin08@example.net,001-377-726-4229,8/11/1911,"Lecturer, further education",52,272000
86,1086,Mario,Vaughn,Male,oblake@example.com,160-144-5039x12276,7/8/1990,Research scientist (life sciences),54,275000
87,1087,Chelsea,Dickson,Male,johnnyhendricks@example.net,001-698-651-0138x18588,5/13/1958,"Teacher, early years/pre",56,278000
88,1088,Dustin,Bailey,Male,pbarron@example.net,+1-965-621-1157x345,8/22/1908,Travel agency manager,58,281000
89,1089,Harry,Medina,Female,olsenmalik@example.net,-6354,8/24/1947,Technical sales engineer,60,284000
90,1090,Kathy,Haney,Female,teresa37@example.com,(164)105-8456,9/2/1955,Charity fundraiser,62,287000
91,1091,Alison,Nixon,Female,zmiles@example.net,3506680871,7/10/1941,Patent attorney,64,290000
92,1092,Jamie,Hardy,Female,sheenadouglas@example.com,(900)803-9295x11533,7/17/1994,"Conservator, furniture",66,293000
93,1093,Melody,Cox,Female,evan90@example.org,(626)520-5080x3511,7/30/1974,Dance movement psychotherapist,68,296000
94,1094,Xavier,Cole,Male,nicolas90@example.org,8164259975,11/29/1938,Financial planner,70,299000
95,1095,Dillon,Guzman,Female,angelanavarro@example.net,971-992-4521,4/1/1942,Air broker,72,302000
96,1096,Dennis,Barnes,Female,bmartin@example.org,001-095-524-2112x257,7/30/1954,Software engineer,74,305000
97,1097,Steve,Patterson,Female,latasha46@example.net,001-865-478-5157,4/29/1932,Barrister,76,308000
98,1098,Wesley,Bray,Male,regina11@example.org,995-542-3004x76800,12/28/1994,Police officer,78,311000
99,1099,Summer,Oconnell,Female,alexiscantrell@example.org,001-273-685-6932x092,4/12/2012,Broadcast journalist,80,314000
100,1100,Mariah,Bernard,Male,pcopeland@example.org,(341)594-6554x44657,11/15/2016,IT sales professional,82,317000
